subset,feature,pearson_r,pearson_pvalue,spearman_rho,spearman_pvalue
all_chromosomes,genes,0.4308706855735717,0.08423147874351648,0.18382352941176472,0.4800344013399135
all_chromosomes,exons,,,,
all_chromosomes,tRNAs,0.024401912880730424,0.9259344009307495,-0.06372549019607844,0.808021077411703
all_chromosomes,snoRNAs,0.2388974812737054,0.35577652343639016,0.3237278352189709,0.20495287777210983
nuclear_only,genes,0.060572514091478624,0.8236603586164035,0.02058823529411765,0.9396737397890448
nuclear_only,exons,,,,
nuclear_only,tRNAs,-0.35774268346217336,0.17369388575312972,-0.2764705882352941,0.29994212849237334
nuclear_only,snoRNAs,0.09217763854811453,0.7342138917892116,0.19117647058823528,0.47816401281702847
